channel,gross_sales_mln,percentage
Retailer,1219.08163995,73.23398284
Direct,257.53200265,15.47073932
Distributor,188.02563093,11.29527784
